id,lable
1,0
2,1
3,1
4,1
5,1
6,0
7,0
8,0
9,1
10,0
11,0
12,0
13,0
14,1
15,0
16,0
17,0
18,0
19,0
20,0
21,0
22,0
23,1
24,0
25,0
26,1
27,1
28,1
29,0
30,0
31,0
32,1
33,1
34,0
35,0
36,1
37,0
38,1
39,1
40,0
41,0
42,1
43,1
44,1
45,1
46,1
47,1
48,1
49,0
50,1
51,1
52,1
53,1
54,1
55,1
56,0
57,0
58,0
59,0
60,0
61,1
62,0
63,0
64,0
65,0
66,0
67,1
68,1
69,1
70,1
71,0
72,0
73,0
74,1
75,1
76,0
77,0
78,1
79,1
80,0
81,1
82,0
83,1
84,1
85,1
86,0
87,1
88,0
89,1
90,1
91,1
92,1
93,0
94,1
95,1
96,1
97,0
98,1
99,0
100,1
101,1
102,0
103,0
104,1
105,1
106,1
107,0
108,1
109,1
110,0
111,1
112,1
113,1
114,1
115,1
116,0
117,0
118,0
119,0
120,1
121,0
122,0
123,0
124,1
125,1
126,1
127,0
128,0
129,1
130,1
131,1
132,0
133,1
134,1
135,1
136,0
137,0
138,0
139,1
140,0
141,0
142,0
143,1
144,0
145,0
146,0
147,0
148,0
149,0
150,0
151,1
152,0
153,0
154,0
155,0
156,0
157,0
158,0
159,1
160,0
161,1
162,1
163,1
164,0
165,1
166,0
167,0
168,1
169,0
170,1
171,0
172,1
173,1
174,0
175,0
176,1
177,1
178,1
179,0
180,1
181,1
182,1
183,0
184,1
185,1
186,0
187,0
188,1
189,1
190,0
191,0
192,0
193,1
194,0
195,1
196,0
197,1
198,1
199,0
200,0
201,1
202,0
203,0
204,0
205,1
206,1
207,0
208,1
209,0
210,0
211,0
212,0
213,0
214,0
215,0
216,0
217,0
218,0
219,1
220,0
221,0
222,1
223,0
224,0
225,1
226,0
227,0
228,1
229,0
230,0
231,1
232,0
233,1
234,1
235,1
236,1
237,1
238,1
239,1
240,1
241,0
242,0
243,1
244,0
245,0
246,0
247,1
248,0
249,0
250,1
251,0
252,0
253,0
254,1
255,0
256,1
257,1
258,1
259,1
260,1
261,0
262,0
263,1
264,0
265,0
266,0
267,1
268,1
269,0
270,0
271,1
272,0
273,1
274,1
275,1
276,1
277,0
278,1
279,1
280,1
281,0
282,0
283,1
284,0
285,1
286,0
287,1
288,0
289,0
290,0
291,0
292,1
293,0
294,0
295,1
296,0
297,1
298,0
299,0
300,1
301,1
302,1
303,0
304,1
305,1
306,0
307,1
308,0
309,0
310,1
311,0
312,1
313,1
314,0
315,0
316,1
317,1
318,1
319,0
320,0
321,0
322,0
323,0
324,0
325,1
326,0
327,0
328,1
329,0
330,1
331,1
332,1
333,1
334,1
335,0
336,1
337,0
338,0
339,1
340,1
341,0
342,1
343,0
344,0
345,1
346,0
347,0
348,0
349,0
350,1
351,1
352,1
353,0
354,1
355,1
356,0
357,1
358,1
359,1
360,0
361,1
362,0
363,0
364,0
365,1
366,0
367,0
368,1
369,0
370,1
371,0
372,0
373,1
374,1
375,0
376,0
377,0
378,1
379,1
380,0
381,0
382,1
383,0
384,0
385,1
386,0
387,1
388,1
389,0
390,0
391,0
392,1
393,1
394,1
395,0
396,1
397,0
398,1
399,0
400,1
401,1
402,0
403,1
404,1
405,0
406,0
407,1
408,1
409,1
410,0
411,1
412,0
413,0
414,1
415,0
416,0
417,0
418,0
419,1
420,1
421,0
422,1
423,0
424,1
425,1
426,0
427,0
428,0
429,1
430,1
431,1
432,1
433,0
434,0
435,1
436,1
437,1
438,0
439,1
440,0
441,1
442,0
443,0
444,0
445,0
446,1
447,1
448,1
449,0
450,1
451,0
452,0
453,0
454,1
455,1
456,1
457,1
458,0
459,1
460,0
461,1
462,1
463,1
464,1
465,1
466,0
467,0
468,1
469,0
470,1
471,1
472,1
473,1
474,1
475,0
476,1
477,0
478,0
479,0
480,1
481,0
482,1
483,0
484,0
485,1
486,0
487,0
488,1
489,1
490,1
491,0
492,0
493,1
494,1
495,0
496,1
497,0
498,1
499,0
500,0
501,0
502,0
503,0
504,1
505,1
506,1
507,1
508,1
509,1
510,1
511,1
512,1
513,1
514,0
515,1
516,1
517,0
518,0
519,1
520,0
521,0
522,0
523,0
524,1
525,1
526,1
527,1
528,0
529,0
530,0
531,0
532,1
533,0
534,1
535,0
536,1
537,1
538,0
539,1
540,1
541,1
542,1
543,0
544,0
545,1
546,0
547,1
548,0
549,0
550,0
551,1
552,1
553,1
554,0
555,1
556,0
557,1
558,0
559,1
560,0
561,0
562,1
563,0
564,0
565,1
566,1
567,1
568,1
569,0
570,1
571,0
572,1
573,1
574,1
575,1
576,1
577,0
578,1
579,1
580,1
581,1
582,1
583,1
584,1
585,0
586,0
587,0
588,0
589,0
590,0
591,0
592,1
593,1
594,1
595,0
596,0
597,0
598,1
599,1
600,1
601,1
602,0
603,0
604,0
605,0
606,0
607,1
608,1
609,0
610,1
611,1
612,1
613,1
614,1
615,0
616,1
617,1
618,0
619,0
620,1
621,0
622,0
623,0
624,1
625,0
626,0
627,1
628,1
629,1
630,0
631,1
632,0
633,0
634,0
635,1
636,1
637,1
638,1
639,0
640,1
641,1
642,0
643,0
644,0
645,1
646,0
647,0
648,0
649,0
650,1
651,1
652,1
653,1
654,1
655,0
656,1
657,0
658,0
659,0
660,0
661,0
662,0
663,0
664,0
665,0
666,1
667,1
668,0
669,1
670,1
671,0
672,1
673,0
674,0
675,1
676,1
677,0
678,1
679,0
680,1
681,1
682,1
683,0
684,1
685,1
686,1
687,0
688,0
689,1
690,1
691,1
692,1
693,0
694,1
695,0
696,0
697,1
698,0
699,1
700,1
701,0
702,0
703,0
704,1
705,0
706,0
707,0
708,0
709,0
710,0
711,1
712,1
713,0
714,0
715,0
716,1
717,1
718,1
719,1
720,0
721,1
722,1
723,0
724,0
725,0
726,1
727,0
728,1
729,0
730,0
731,1
732,0
733,0
734,1
735,0
736,0
737,0
738,1
739,0
740,0
741,1
742,0
743,1
744,1
745,0
746,0
747,1
748,0
749,0
750,1
751,0
752,0
753,0
754,0
755,0
756,0
757,0
758,1
759,1
760,1
761,1
762,1
763,0
764,1
765,1
766,1
767,0
768,1
769,1
770,1
771,0
772,1
773,1
774,0
775,0
776,0
777,0
778,1
779,0
780,0
781,0
782,1
783,0
784,1
785,0
786,1
787,0
788,1
789,1
790,0
791,0
792,0
793,1
794,1
795,1
796,1
797,1
798,1
799,0
800,0
801,0
802,0
803,1
804,0
805,0
806,1
807,0
808,0
809,0
810,0
811,1
812,0
813,1
814,1
815,1
816,1
817,1
818,0
819,1
820,1
821,0
822,1
823,1
824,0
825,1
826,1
827,0
828,1
829,0
830,1
831,1
832,0
833,1
834,0
835,0
836,1
837,1
838,1
839,0
840,0
841,0
842,0
843,1
844,1
845,1
846,0
847,0
848,1
849,1
850,1
851,0
852,0
853,1
854,1
855,1
856,0
857,1
858,0
859,0
860,1
861,1
862,1
863,1
864,0
865,0
866,1
867,1
868,0
869,1
870,1
871,1
872,0
873,1
874,0
875,1
876,1
877,0
878,0
879,1
880,1
881,0
882,1
883,1
884,0
885,0
886,1
887,1
888,1
889,0
890,1
891,1
892,1
893,1
894,0
895,0
896,0
897,0
898,1
899,1
900,0
901,0
902,0
903,1
904,0
905,0
906,1
907,1
908,1
909,0
910,0
911,0
912,0
913,0
914,1
915,0
916,0
917,1
918,1
919,1
920,0
921,0
922,0
923,1
924,0
925,1
926,0
927,1
928,1
929,1
930,1
931,0
932,0
933,0
934,1
935,1
936,0
937,0
938,0
939,1
940,1
941,1
942,1
943,0
944,1
945,1
946,1
947,0
948,0
949,1
950,1
951,0
952,0
953,1
954,0
955,0
956,0
957,0
958,0
959,0
960,1
961,0
962,1
963,0
964,1
965,0
966,1
967,1
968,1
969,1
970,0
971,1
972,0
973,1
974,0
975,1
976,0
977,0
978,0
979,0
980,0
981,1
982,1
983,0
984,1
985,1
986,0
987,0
988,1
989,1
990,0
991,1
992,1
993,1
994,0
995,1
996,0
997,0
998,0
999,0
1000,0
1001,0
1002,0
1003,0
1004,1
1005,0
1006,0
1007,0
1008,1
1009,0
1010,1
1011,0
1012,0
1013,0
1014,1
1015,1
1016,0
1017,1
1018,0
1019,1
1020,0
1021,1
1022,0
1023,1
1024,0
1025,1
1026,1
1027,0
1028,0
1029,0
1030,0
1031,0
1032,1
1033,1
1034,1
1035,1
1036,1
1037,0
1038,0
1039,0
1040,0
1041,0
1042,0
1043,1
1044,1
1045,1
1046,0
1047,1
1048,1
1049,1
1050,0
1051,1
1052,1
1053,1
1054,0
1055,1
1056,0
1057,1
1058,0
1059,0
1060,0
1061,1
1062,0
1063,0
1064,1
1065,1
1066,0
1067,0
1068,1
1069,0
1070,0
1071,0
1072,1
1073,1
1074,0
1075,0
1076,0
1077,1
1078,0
1079,0
1080,1
1081,1
1082,1
1083,1
1084,0
1085,1
1086,1
1087,1
1088,0
1089,1
1090,1
1091,0
1092,1
1093,1
1094,1
1095,1
1096,0
1097,1
1098,1
1099,1
1100,1
1101,0
1102,0
1103,1
1104,0
1105,0
1106,1
1107,1
1108,1
1109,0
1110,0
1111,0
1112,1
1113,1
1114,0
1115,0
1116,1
1117,1
1118,1
1119,0
1120,0
1121,1
1122,1
1123,1
1124,1
1125,1
1126,1
1127,1
1128,0
1129,1
1130,1
1131,0
1132,1
1133,1
1134,1
1135,0
1136,0
1137,1
1138,0
1139,0
1140,1
1141,1
1142,0
1143,1
1144,0
1145,1
1146,0
1147,0
1148,1
1149,0
1150,0
1151,0
1152,0
1153,1
1154,0
1155,0
1156,1
1157,0
1158,0
1159,0
1160,1
1161,0
1162,1
1163,0
1164,1
1165,1
1166,1
1167,1
1168,1
1169,0
1170,0
1171,1
1172,0
1173,0
1174,1
1175,0
1176,1
1177,1
1178,0
1179,1
1180,1
1181,0
1182,1
1183,0
1184,0
1185,1
1186,1
1187,1
1188,1
1189,1
1190,1
1191,1
1192,0
1193,0
1194,1
1195,1
1196,0
1197,1
1198,1
1199,0
1200,1
1201,1
1202,1
1203,0
1204,0
1205,0
1206,0
1207,1
1208,0
1209,0
1210,1
1211,1
1212,1
1213,0
1214,1
1215,1
1216,1
1217,0
1218,1
1219,1
1220,1
1221,0
1222,0
1223,0
1224,0
1225,1
1226,1
1227,0
1228,1
1229,1
1230,0
1231,0
1232,1
1233,0
1234,0
1235,1
1236,0
1237,0
1238,0
1239,1
1240,1
1241,0
1242,1
1243,1
1244,1
1245,0
1246,1
1247,0
1248,1
1249,1
1250,0
1251,1
1252,1
1253,1
1254,1
1255,0
1256,1
1257,1
1258,1
1259,1
1260,1
1261,0
1262,0
1263,1
1264,1
1265,0
1266,1
1267,0
1268,1
1269,0
1270,1
1271,1
1272,1
1273,0
1274,0
1275,1
1276,0
1277,1
1278,0
1279,1
1280,1
1281,0
1282,0
1283,0
1284,1
1285,0
1286,0
1287,0
1288,0
1289,1
1290,1
1291,1
1292,1
1293,1
1294,0
1295,1
1296,1
1297,1
1298,0
1299,1
1300,1
1301,0
1302,1
1303,1
1304,1
1305,1
1306,1
1307,1
1308,0
1309,0
1310,0
1311,0
1312,0
1313,1
1314,0
1315,0
1316,1
1317,0
1318,0
1319,1
1320,0
1321,0
1322,0
1323,0
1324,1
1325,0
1326,1
1327,1
1328,0
1329,1
1330,0
1331,0
1332,0
1333,1
1334,1
1335,0
1336,1
1337,1
1338,0
1339,1
1340,1
1341,0
1342,1
1343,0
1344,0
1345,1
1346,1
1347,0
1348,0
1349,1
1350,0
1351,1
1352,1
1353,1
1354,1
1355,1
1356,1
1357,1
1358,0
1359,1
1360,1
1361,1
1362,0
1363,1
1364,0
1365,0
1366,0
1367,0
1368,0
1369,0
1370,0
1371,0
1372,1
1373,0
1374,1
1375,1
1376,0
1377,1
1378,1
1379,0
1380,1
1381,0
1382,1
1383,1
1384,0
1385,0
1386,1
1387,1
1388,0
1389,1
1390,1
1391,0
1392,1
1393,0
1394,0
1395,0
1396,1
1397,0
1398,0
1399,0
1400,1
1401,1
1402,0
1403,1
1404,0
1405,0
1406,0
1407,0
1408,0
1409,1
1410,0
1411,1
1412,0
1413,1
1414,1
1415,1
1416,1
1417,0
1418,1
1419,1
1420,1
1421,0
1422,1
1423,1
1424,0
1425,0
1426,0
1427,0
1428,0
1429,0
1430,0
1431,0
1432,1
1433,0
1434,1
1435,1
1436,1
1437,1
1438,0
1439,0
1440,1
1441,1
1442,0
1443,0
1444,0
1445,1
1446,0
1447,1
1448,1
1449,0
1450,0
1451,0
1452,0
1453,1
1454,0
1455,0
1456,1
1457,1
1458,1
1459,1
1460,0
1461,0
1462,0
1463,0
1464,0
1465,0
1466,1
1467,1
1468,1
1469,1
1470,0
1471,0
1472,1
1473,1
1474,0
1475,1
1476,0
1477,0
1478,1
1479,0
1480,1
1481,1
1482,0
1483,1
1484,1
1485,0
1486,1
1487,1
1488,0
1489,1
1490,0
1491,0
1492,1
1493,1
1494,1
1495,1
1496,1
1497,1
1498,0
1499,0
1500,1
1501,0
1502,1
1503,0
1504,0
1505,0
1506,1
1507,0
1508,1
1509,0
1510,1
1511,0
1512,1
1513,1
1514,1
1515,1
1516,0
1517,1
1518,1
1519,0
1520,1
1521,0
1522,0
1523,0
1524,0
1525,1
1526,0
1527,1
1528,0
1529,0
1530,0
1531,0
1532,0
1533,0
1534,0
1535,1
1536,1
1537,0
1538,0
1539,1
1540,1
1541,1
1542,0
1543,1
1544,0
1545,0
1546,1
1547,0
1548,1
1549,0
1550,0
1551,1
1552,1
1553,0
1554,1
1555,0
1556,1
1557,1
1558,0
1559,1
1560,0
1561,0
1562,1
1563,0
1564,1
1565,0
1566,1
1567,0
1568,0
1569,0
1570,1
1571,1
1572,1
1573,0
1574,1
1575,0
1576,1
1577,0
1578,1
1579,0
1580,0
1581,0
1582,1
1583,1
1584,1
1585,1
1586,1
1587,1
1588,0
1589,0
1590,0
1591,0
1592,0
1593,0
1594,1
1595,1
1596,1
1597,1
1598,1
1599,0
1600,0
1601,1
1602,0
1603,1
1604,0
1605,1
1606,0
1607,0
1608,1
1609,1
1610,0
1611,0
1612,1
1613,1
1614,0
1615,1
1616,0
1617,1
1618,0
1619,1
1620,1
1621,1
1622,0
1623,1
1624,1
1625,1
1626,0
1627,1
1628,0
1629,1
1630,0
1631,0
1632,0
1633,1
1634,1
1635,1
1636,0
1637,0
1638,0
1639,0
1640,0
1641,1
1642,0
1643,0
1644,1
1645,0
1646,1
1647,1
1648,0
1649,0
1650,0
1651,0
1652,1
1653,0
1654,1
1655,0
1656,1
1657,0
1658,1
1659,1
1660,1
1661,1
1662,0
1663,0
1664,1
1665,1
1666,1
1667,1
1668,1
1669,1
1670,1
1671,0
1672,0
1673,0
1674,0
1675,1
1676,0
1677,0
1678,1
1679,1
1680,1
1681,0
1682,0
1683,0
1684,0
1685,1
1686,1
1687,0
1688,1
1689,1
1690,1
1691,1
1692,1
1693,1
1694,1
1695,1
1696,1
1697,0
1698,0
1699,1
1700,1
1701,1
1702,1
1703,1
1704,1
1705,0
1706,0
1707,0
1708,0
1709,0
1710,0
1711,0
1712,0
1713,0
1714,0
1715,0
1716,1
1717,0
1718,1
1719,0
1720,1
1721,0
1722,0
1723,1
1724,1
1725,1
1726,1
1727,1
1728,1
1729,0
1730,0
1731,1
1732,1
1733,0
1734,1
1735,0
1736,0
1737,1
1738,0
1739,0
1740,0
1741,0
1742,1
1743,0
1744,1
1745,1
1746,0
1747,1
1748,0
1749,1
1750,0
1751,1
1752,0
1753,1
1754,1
1755,0
1756,0
1757,1
1758,1
1759,0
1760,0
1761,1
1762,0
1763,1
1764,1
1765,1
1766,0
1767,1
1768,0
1769,0
1770,0
1771,1
1772,1
1773,0
1774,1
1775,1
1776,0
1777,0
1778,1
1779,0
1780,1
1781,0
1782,0
1783,0
1784,0
1785,0
1786,0
1787,0
1788,1
1789,1
1790,0
1791,1
1792,1
1793,1
1794,0
1795,0
1796,0
1797,0
1798,0
1799,1
1800,1
1801,1
1802,1
1803,1
1804,0
1805,1
1806,1
1807,0
1808,1
1809,1
1810,1
1811,1
1812,0
1813,1
1814,0
1815,1
1816,1
1817,1
1818,0
1819,1
1820,0
1821,1
1822,0
1823,0
1824,1
1825,0
1826,0
1827,0
1828,1
1829,0
1830,1
1831,0
1832,0
1833,0
1834,1
1835,0
1836,1
1837,1
1838,0
1839,0
1840,1
1841,1
1842,0
1843,1
1844,0
1845,0
1846,1
1847,1
1848,0
1849,0
1850,0
1851,1
1852,0
1853,1
1854,1
1855,0
1856,0
1857,1
1858,1
1859,0
1860,1
1861,0
1862,1
1863,0
1864,1
1865,1
1866,0
1867,0
1868,1
1869,1
1870,1
1871,0
1872,0
1873,0
1874,0
1875,0
1876,1
1877,1
1878,0
1879,1
1880,1
1881,0
1882,1
1883,0
1884,0
1885,0
1886,1
1887,0
1888,0
1889,1
1890,1
1891,0
1892,1
1893,1
1894,0
1895,1
1896,0
1897,0
1898,0
1899,1
1900,0
1901,1
1902,1
1903,1
1904,1
1905,0
1906,0
1907,1
1908,0
1909,1
1910,1
1911,1
1912,0
1913,1
1914,1
1915,1
1916,1
1917,0
1918,1
1919,0
1920,0
1921,1
1922,1
1923,0
1924,0
1925,1
1926,1
1927,1
1928,0
1929,0
1930,0
1931,0
1932,1
1933,0
1934,0
1935,0
1936,1
1937,1
1938,1
1939,0
1940,1
1941,1
1942,0
1943,0
1944,0
1945,0
1946,0
1947,0
1948,1
1949,1
1950,1
1951,1
1952,1
1953,1
1954,0
1955,1
1956,0
1957,0
1958,1
1959,1
1960,0
1961,1
1962,1
1963,0
1964,1
1965,1
1966,0
1967,0
1968,0
1969,1
1970,1
1971,1
1972,0
1973,0
1974,1
1975,0
1976,1
1977,1
1978,0
1979,1
1980,0
1981,1
1982,1
1983,1
1984,0
1985,0
1986,1
1987,1
1988,0
1989,1
1990,1
1991,0
1992,1
1993,0
1994,0
1995,1
1996,1
1997,0
1998,0
1999,0
2000,1
2001,1
2002,0
2003,0
2004,1
2005,1
2006,0
2007,0
2008,1
2009,0
2010,0
2011,1
2012,0
2013,0
2014,0
2015,0
2016,1
2017,0
2018,1
2019,0
2020,0
2021,1
2022,1
2023,1
2024,1
2025,1
2026,0
2027,0
2028,1
2029,1
2030,0
2031,1
2032,1
2033,0
2034,1
2035,1
2036,0
2037,1
2038,1
2039,0
2040,1
2041,1
2042,1
2043,0
2044,0
2045,0
2046,1
2047,1
2048,1
2049,1
2050,1
2051,0
2052,0
2053,1
2054,0
2055,0
2056,0
2057,0
2058,1
2059,0
2060,1
2061,1
2062,0
2063,0
2064,1
2065,0
2066,1
2067,0
2068,1
2069,0
2070,1
2071,0
2072,1
2073,1
2074,1
2075,0
2076,1
2077,0
2078,1
2079,0
2080,1
2081,0
2082,1
2083,0
2084,0
2085,1
2086,1
2087,1
2088,0
2089,1
2090,1
2091,1
2092,1
2093,0
2094,1
2095,0
2096,0
2097,1
2098,0
2099,0
2100,0
2101,0
2102,1
2103,0
2104,0
2105,1
2106,0
2107,0
2108,0
2109,0
2110,0
2111,1
2112,1
2113,1
2114,1
2115,1
2116,1
2117,0
2118,0
2119,1
2120,1
2121,0
2122,1
2123,0
2124,0
2125,0
2126,0
2127,0
2128,1
2129,0
2130,0
2131,1
2132,1
2133,0
2134,0
2135,1
2136,1
2137,1
2138,1
2139,0
2140,1
2141,1
2142,1
2143,0
2144,1
2145,0
2146,0
2147,1
2148,0
2149,0
2150,1
2151,0
2152,0
2153,1
2154,1
2155,1
2156,1
2157,1
2158,1
2159,1
2160,1
2161,1
2162,1
2163,1
2164,0
2165,1
2166,0
2167,1
2168,1
2169,1
2170,1
2171,1
2172,0
2173,1
2174,1
2175,0
2176,1
2177,1
2178,1
2179,1
2180,0
2181,0
2182,0
2183,1
2184,0
2185,0
2186,0
2187,0
2188,0
2189,0
2190,0
2191,0
2192,1
2193,1
2194,0
2195,0
2196,0
2197,1
2198,1
2199,0
2200,0
2201,0
2202,0
2203,1
2204,0
2205,1
2206,1
2207,0
2208,1
2209,0
2210,1
2211,0
2212,1
2213,0
2214,0
2215,0
2216,1
2217,1
2218,1
2219,0
2220,1
2221,1
2222,1
2223,1
2224,1
2225,1
2226,0
2227,0
2228,0
2229,0
2230,1
2231,0
2232,0
2233,0
2234,1
2235,1
2236,1
2237,0
2238,1
2239,0
2240,0
2241,1
2242,1
2243,1
2244,1
2245,0
2246,1
2247,1
2248,1
2249,0
2250,1
2251,1
2252,1
2253,1
2254,0
2255,0
2256,0
2257,1
2258,0
2259,1
2260,0
2261,0
2262,1
2263,1
2264,1
2265,1
2266,0
2267,0
2268,0
2269,0
2270,1
2271,1
2272,1
2273,0
2274,0
2275,1
2276,1
2277,1
2278,1
2279,1
2280,0
2281,1
2282,0
2283,0
2284,0
2285,0
2286,0
2287,0
2288,1
2289,0
2290,1
2291,0
2292,0
2293,0
2294,0
2295,1
2296,1
2297,0
2298,0
2299,1
2300,0
2301,0
2302,0
2303,1
2304,0
2305,1
2306,0
2307,1
2308,1
2309,0
2310,1
2311,1
2312,1
2313,1
2314,0
2315,0
2316,0
2317,1
2318,1
2319,0
2320,0
2321,1
2322,0
2323,1
2324,1
2325,1
2326,1
2327,0
2328,0
2329,1
2330,1
2331,0
2332,0
2333,1
2334,1
2335,1
2336,1
2337,1
2338,1
2339,0
2340,1
2341,1
2342,0
2343,0
2344,0
2345,1
2346,0
2347,1
2348,0
2349,0
2350,0
2351,0
2352,0
2353,0
2354,1
2355,0
2356,0
2357,1
2358,1
2359,0
2360,0
2361,0
2362,1
2363,1
2364,1
2365,1
2366,0
2367,0
2368,0
2369,1
2370,1
2371,0
2372,0
2373,0
2374,1
2375,0
2376,1
2377,1
2378,1
2379,0
2380,0
2381,0
2382,1
2383,0
2384,0
2385,1
2386,0
2387,0
2388,1
2389,1
2390,0
2391,1
2392,1
2393,0
2394,0
2395,1
2396,0
2397,0
2398,1
2399,1
2400,1
2401,1
2402,0
2403,1
2404,1
2405,1
2406,1
2407,0
2408,1
2409,0
2410,1
2411,1
2412,0
2413,1
2414,0
2415,0
2416,0
2417,0
2418,0
2419,1
2420,0
2421,0
2422,1
2423,1
2424,1
2425,1
2426,1
2427,0
2428,1
2429,1
2430,1
2431,0
2432,1
2433,1
2434,1
2435,0
2436,0
2437,0
2438,0
2439,0
2440,1
2441,1
2442,0
2443,1
2444,1
2445,1
2446,0
2447,1
2448,1
2449,0
2450,0
2451,1
2452,0
2453,1
2454,0
2455,1
2456,1
2457,1
2458,1
2459,1
2460,0
2461,1
2462,0
2463,1
2464,0
2465,0
2466,0
2467,0
2468,0
2469,1
2470,1
2471,0
2472,1
2473,0
2474,1
2475,1
2476,1
2477,1
2478,0
2479,0
2480,0
2481,1
2482,0
2483,0
2484,1
2485,1
2486,0
2487,0
2488,0
2489,0
2490,1
2491,0
2492,1
2493,0
2494,1
2495,1
2496,0
2497,0
2498,1
2499,1
2500,1
2501,1
2502,1
2503,1
2504,1
2505,0
2506,1
2507,0
2508,0
2509,0
2510,0
2511,1
2512,0
2513,0
2514,0
2515,1
2516,1
2517,0
2518,0
2519,1
2520,1
2521,1
2522,1
2523,0
2524,1
2525,0
2526,0
2527,1
2528,0
2529,0
2530,1
2531,1
2532,0
2533,0
2534,1
2535,0
2536,0
2537,1
2538,0
2539,1
2540,0
2541,1
2542,0
2543,0
2544,0
2545,0
2546,0
2547,1
2548,1
2549,0
2550,1
2551,0
2552,1
2553,0
2554,0
2555,0
2556,1
2557,0
2558,1
2559,1
2560,0
2561,0
2562,1
2563,1
2564,0
2565,0
2566,1
2567,0
2568,1
2569,0
2570,0
2571,1
2572,1
2573,0
2574,1
2575,0
2576,1
2577,1
2578,1
2579,0
2580,1
2581,1
2582,0
2583,1
2584,0
2585,0
2586,1
2587,1
2588,1
2589,0
2590,0
2591,1
2592,1
2593,0
2594,1
2595,1
2596,1
2597,1
2598,1
2599,0
2600,0
2601,1
2602,0
2603,0
2604,0
2605,1
2606,0
2607,1
2608,0
2609,0
2610,0
2611,1
2612,0
2613,0
2614,0
2615,0
2616,0
2617,1
2618,1
2619,1
2620,1
2621,0
2622,1
2623,0
2624,1
2625,1
2626,0
2627,0
2628,0
2629,1
2630,0
2631,1
2632,1
2633,1
2634,1
2635,1
2636,1
2637,0
2638,0
2639,0
2640,1
2641,0
2642,1
2643,1
2644,1
2645,1
2646,1
2647,1
2648,1
2649,1
2650,1
2651,0
2652,0
2653,0
2654,0
2655,1
2656,0
2657,0
2658,1
2659,0
2660,0
2661,0
2662,1
2663,0
2664,0
2665,0
2666,1
2667,1
2668,0
2669,1
2670,0
2671,0
2672,1
2673,1
2674,1
2675,1
2676,1
2677,0
2678,1
2679,1
2680,1
2681,0
2682,1
2683,0
2684,0
2685,0
2686,1
2687,1
2688,0
2689,0
2690,0
2691,1
2692,0
2693,0
2694,0
2695,0
2696,1
2697,1
2698,1
2699,0
2700,0
2701,1
2702,0
2703,1
2704,1
2705,1
2706,1
2707,1
2708,1
2709,1
2710,1
2711,1
2712,0
2713,0
2714,1
2715,0
2716,0
2717,1
2718,0
2719,1
2720,1
2721,1
2722,0
2723,1
2724,0
2725,0
2726,1
2727,0
2728,1
2729,0
2730,0
2731,0
2732,1
2733,0
2734,0
2735,0
2736,0
2737,1
2738,1
2739,0
2740,1
2741,0
2742,0
2743,0
2744,0
2745,1
2746,1
2747,1
2748,1
2749,1
2750,0
2751,1
2752,1
2753,1
2754,1
2755,0
2756,0
2757,1
2758,1
2759,1
2760,1
2761,0
2762,1
2763,1
2764,0
2765,1
2766,1
2767,0
2768,1
2769,1
2770,1
2771,0
2772,0
2773,0
2774,0
2775,1
2776,1
2777,1
2778,0
2779,0
2780,0
2781,1
2782,0
2783,0
2784,1
2785,1
2786,1
2787,1
2788,1
2789,0
2790,0
2791,0
2792,1
2793,0
2794,1
2795,1
2796,1
2797,0
2798,0
2799,0
2800,1
2801,1
2802,1
2803,1
2804,1
2805,1
2806,0
2807,0
2808,1
2809,0
2810,0
2811,1
2812,0
2813,0
2814,1
2815,1
2816,0
2817,1
2818,0
2819,1
2820,1
2821,0
2822,1
2823,1
2824,1
2825,1
2826,1
2827,0
2828,1
2829,0
2830,0
2831,1
2832,1
2833,1
2834,0
2835,0
2836,0
2837,1
2838,1
2839,1
2840,0
2841,1
2842,0
2843,0
2844,0
2845,1
2846,1
2847,0
2848,1
2849,0
2850,1
2851,0
2852,1
2853,0
2854,1
2855,1
2856,1
2857,0
2858,1
2859,0
2860,0
2861,0
2862,0
2863,1
2864,0
2865,1
2866,0
2867,1
2868,1
2869,0
2870,0
2871,1
2872,1
2873,1
2874,1
2875,0
2876,1
2877,1
2878,0
2879,1
2880,0
2881,0
2882,0
2883,1
2884,1
2885,0
2886,0
2887,1
2888,1
2889,1
2890,0
2891,0
2892,1
2893,1
2894,1
2895,1
2896,1
2897,1
2898,1
2899,0
2900,1
2901,0
2902,1
2903,1
2904,0
2905,0
2906,0
2907,0
2908,1
2909,0
2910,1
2911,1
2912,0
2913,0
2914,0
2915,0
2916,1
2917,1
2918,0
2919,1
2920,1
2921,1
2922,1
2923,1
2924,0
2925,1
2926,1
2927,0
2928,1
2929,1
2930,0
2931,0
2932,1
2933,0
2934,0
2935,0
2936,0
2937,1
2938,0
2939,0
2940,1
2941,1
2942,0
2943,0
2944,0
2945,1
2946,1
2947,0
2948,0
2949,0
2950,1
2951,0
2952,1
2953,1
2954,1
2955,1
2956,1
2957,1
2958,0
2959,1
2960,1
2961,0
2962,0
2963,1
2964,0
2965,0
2966,1
2967,1
2968,0
2969,1
2970,1
2971,0
2972,1
2973,0
2974,1
2975,0
2976,0
2977,0
2978,0
2979,1
2980,0
2981,0
2982,0
2983,0
2984,0
2985,1
2986,0
2987,0
2988,1
2989,1
2990,1
2991,1
2992,1
2993,1
2994,0
2995,1
2996,1
2997,0
2998,1
2999,1
3000,1
3001,1
3002,1
3003,1
3004,1
3005,0
3006,1
3007,1
3008,0
3009,1
3010,1
3011,1
3012,1
3013,1
3014,1
3015,1
3016,0
3017,1
3018,1
3019,1
3020,1
3021,0
3022,1
3023,1
3024,1
3025,0
3026,0
3027,0
3028,1
3029,1
3030,1
3031,1
3032,1
3033,1
3034,1
3035,0
3036,0
3037,1
3038,0
3039,1
3040,0
3041,1
3042,1
3043,0
3044,1
3045,0
3046,1
3047,0
3048,0
3049,0
3050,1
3051,0
3052,0
3053,1
3054,1
3055,0
3056,0
3057,0
3058,1
3059,1
3060,1
3061,1
3062,1
3063,1
3064,0
3065,1
3066,0
3067,0
3068,1
3069,0
3070,1
3071,0
3072,1
3073,0
3074,1
3075,1
3076,0
3077,1
3078,1
3079,1
3080,0
3081,0
3082,0
3083,0
3084,0
3085,0
3086,1
3087,0
3088,1
3089,0
3090,0
3091,1
3092,0
3093,1
3094,1
3095,1
3096,1
3097,1
3098,0
3099,1
3100,0
3101,0
3102,1
3103,0
3104,0
3105,1
3106,1
3107,0
3108,0
3109,0
3110,1
3111,1
3112,1
3113,0
3114,1
3115,0
3116,0
3117,0
3118,1
3119,1
3120,1
3121,1
3122,0
3123,1
3124,0
3125,0
3126,0
3127,1
3128,0
3129,0
3130,1
3131,1
3132,1
3133,1
3134,1
3135,1
3136,0
3137,0
3138,1
3139,0
3140,0
3141,0
3142,0
3143,0
3144,1
3145,1
3146,0
3147,0
3148,1
3149,0
3150,1
3151,0
3152,0
3153,1
3154,1
3155,0
3156,1
3157,1
3158,1
3159,0
3160,1
3161,0
3162,0
3163,0
3164,1
3165,1
3166,0
3167,1
3168,0
3169,1
3170,1
3171,1
3172,1
3173,1
3174,1
3175,1
3176,1
3177,0
3178,0
3179,1
3180,0
3181,1
3182,0
3183,0
3184,0
3185,1
3186,1
3187,1
3188,1
3189,0
3190,0
3191,1
3192,1
3193,1
3194,1
3195,0
3196,0
3197,1
3198,1
3199,0
3200,1
3201,0
3202,1
3203,0
3204,0
3205,1
3206,1
3207,1
3208,1
3209,0
3210,0
3211,1
3212,1
3213,1
3214,1
3215,0
3216,1
3217,0
3218,0
3219,1
3220,1
3221,0
3222,0
3223,0
3224,0
3225,1
3226,0
3227,0
3228,0
3229,0
3230,1
3231,1
3232,0
3233,0
3234,1
3235,0
3236,0
3237,0
3238,1
3239,0
3240,1
3241,0
3242,1
3243,0
3244,0
3245,1
3246,0
3247,1
3248,0
3249,1
3250,0
3251,0
3252,1
3253,1
3254,1
3255,1
3256,1
3257,1
3258,0
3259,1
3260,1
3261,0
3262,1
3263,1
3264,0
3265,0
3266,0
3267,0
3268,0
3269,0
3270,1
3271,1
3272,0
3273,0
3274,0
3275,1
3276,1
3277,0
3278,1
3279,1
3280,0
3281,0
3282,1
3283,0
3284,1
3285,1
3286,1
3287,1
3288,1
3289,0
3290,0
3291,1
3292,0
3293,1
3294,0
3295,0
3296,0
3297,1
3298,1
3299,0
3300,1
3301,1
3302,1
3303,1
3304,1
3305,1
3306,0
3307,1
3308,0
3309,1
3310,0
3311,0
3312,0
3313,1
3314,0
3315,1
3316,0
3317,1
3318,0
3319,0
3320,0
3321,1
3322,0
3323,1
3324,1
3325,0
3326,0
3327,1
3328,0
3329,1
3330,0
3331,0
3332,0
3333,0
3334,0
3335,0
3336,0
3337,1
3338,0
3339,0
3340,0
3341,0
3342,1
3343,0
3344,1
3345,0
3346,1
3347,0
3348,0
3349,0
3350,0
3351,1
3352,1
3353,0
3354,0
3355,0
3356,1
3357,1
3358,0
3359,0
3360,1
3361,1
3362,0
3363,1
3364,1
3365,1
3366,0
3367,1
3368,1
3369,1
3370,1
3371,1
3372,1
3373,1
3374,0
3375,0
3376,0
3377,1
3378,1
3379,1
3380,1
3381,0
3382,1
3383,1
3384,1
3385,1
3386,1
3387,0
3388,0
3389,0
3390,0
3391,0
3392,0
3393,0
3394,1
3395,0
3396,1
3397,1
3398,0
3399,0
3400,1
3401,0
3402,1
3403,0
3404,1
3405,1
3406,1
3407,0
3408,1
3409,0
3410,1
3411,0
3412,0
3413,0
3414,0
3415,0
3416,0
3417,1
3418,0
3419,0
3420,1
3421,0
3422,1
3423,1
3424,0
3425,0
3426,0
3427,0
3428,0
3429,1
3430,1
3431,0
3432,1
3433,1
3434,0
3435,1
3436,1
3437,0
3438,0
3439,1
3440,1
3441,1
3442,0
3443,1
3444,0
3445,1
3446,0
3447,0
3448,0
3449,0
3450,0
3451,1
3452,0
3453,1
3454,0
3455,0
3456,0
3457,1
3458,0
3459,1
3460,0
3461,0
3462,1
3463,1
3464,1
3465,1
3466,0
3467,0
3468,1
3469,0
3470,1
3471,1
3472,1
3473,1
3474,1
3475,0
3476,0
3477,0
3478,1
3479,1
3480,1
3481,1
3482,0
3483,0
3484,0
3485,1
3486,0
3487,0
3488,1
3489,1
3490,1
3491,0
3492,1
3493,0
3494,1
3495,0
3496,0
3497,1
3498,0
3499,0
3500,0
3501,0
3502,1
3503,0
3504,0
3505,0
3506,0
3507,0
3508,0
3509,1
3510,0
3511,1
3512,1
3513,0
3514,1
3515,0
3516,0
3517,0
3518,0
3519,1
3520,1
3521,0
3522,1
3523,1
3524,0
3525,0
3526,0
3527,1
3528,0
3529,1
3530,0
3531,0
3532,0
3533,1
3534,0
3535,1
3536,0
3537,1
3538,0
3539,0
3540,1
3541,1
3542,0
3543,0
3544,0
3545,0
3546,1
3547,1
3548,0
3549,1
3550,0
3551,1
3552,0
3553,1
3554,0
3555,0
3556,1
3557,0
3558,1
3559,0
3560,1
3561,0
3562,1
3563,0
3564,1
3565,0
3566,0
3567,1
3568,0
3569,0
3570,1
3571,1
3572,1
3573,1
3574,0
3575,1
3576,0
3577,1
3578,0
3579,0
3580,0
3581,0
3582,0
3583,0
3584,0
3585,1
3586,1
3587,0
3588,1
3589,1
3590,0
3591,1
3592,1
3593,0
3594,0
3595,1
3596,1
3597,0
3598,0
3599,0
3600,0
3601,1
3602,0
3603,1
3604,1
3605,0
3606,0
3607,0
3608,1
3609,0
3610,0
3611,0
3612,1
3613,1
3614,0
3615,0
3616,1
3617,0
3618,1
3619,1
3620,1
3621,1
3622,0
3623,0
3624,1
3625,0
3626,1
3627,0
3628,0
3629,0
3630,1
3631,0
3632,1
3633,1
3634,0
3635,1
3636,0
3637,0
3638,0
3639,1
3640,0
3641,1
3642,1
3643,1
3644,0
3645,0
3646,0
3647,0
3648,0
3649,0
3650,1
3651,0
3652,0
3653,1
3654,1
3655,0
3656,0
3657,0
3658,1
3659,0
3660,1
3661,0
3662,0
3663,1
3664,1
3665,1
3666,0
3667,1
3668,1
3669,1
3670,0
3671,0
3672,0
3673,0
3674,0
3675,0
3676,1
3677,1
3678,1
3679,1
3680,0
3681,0
3682,1
3683,1
3684,0
3685,1
3686,1
3687,0
3688,0
3689,1
3690,0
3691,1
3692,1
3693,0
3694,0
3695,0
3696,0
3697,0
3698,1
3699,1
3700,1
3701,1
3702,0
3703,0
3704,1
3705,1
3706,1
3707,1
3708,1
3709,0
3710,1
3711,0
3712,0
3713,0
3714,1
3715,0
3716,1
3717,0
3718,0
3719,1
3720,0
3721,1
3722,0
3723,1
3724,1
3725,1
3726,0
3727,1
3728,0
3729,1
3730,1
3731,1
3732,0
3733,1
3734,1
3735,0
3736,1
3737,0
3738,0
3739,0
3740,1
3741,1
3742,1
3743,1
3744,0
3745,1
3746,1
3747,0
3748,0
3749,1
3750,1
3751,1
3752,0
3753,1
3754,0
3755,0
3756,1
3757,0
3758,1
3759,0
3760,0
3761,1
3762,0
3763,0
3764,1
3765,0
3766,0
3767,1
3768,0
3769,1
3770,0
3771,1
3772,1
3773,1
3774,0
3775,1
3776,1
3777,0
3778,1
3779,1
3780,1
3781,0
3782,1
3783,1
3784,1
3785,0
3786,1
3787,0
3788,1
3789,0
3790,0
3791,1
3792,0
3793,0
3794,1
3795,1
3796,0
3797,0
3798,1
3799,1
3800,0
3801,0
3802,0
3803,0
3804,1
3805,0
3806,0
3807,0
3808,1
3809,0
3810,1
3811,1
3812,0
3813,0
3814,1
3815,1
3816,1
3817,0
3818,0
3819,1
3820,0
3821,0
3822,1
3823,0
3824,0
3825,1
3826,0
3827,0
3828,1
3829,1
3830,1
3831,0
3832,1
3833,1
3834,0
3835,1
3836,0
3837,1
3838,0
3839,0
3840,1
3841,0
3842,1
3843,0
3844,0
3845,1
3846,1
3847,0
3848,1
3849,1
3850,1
3851,1
3852,0
3853,0
3854,0
3855,0
3856,1
3857,1
3858,1
3859,1
3860,1
3861,0
3862,1
3863,1
3864,1
3865,0
3866,0
3867,0
3868,0
3869,0
3870,1
3871,0
3872,1
3873,0
3874,1
3875,0
3876,0
3877,0
3878,1
3879,1
3880,1
3881,1
3882,0
3883,0
3884,0
3885,0
3886,1
3887,0
3888,0
3889,1
3890,1
3891,0
3892,1
3893,1
3894,0
3895,1
3896,0
3897,1
3898,1
3899,0
3900,1
3901,1
3902,0
3903,0
3904,1
3905,0
3906,0
3907,0
3908,1
3909,0
3910,1
3911,0
3912,0
3913,0
3914,0
3915,1
3916,1
3917,1
3918,0
3919,0
3920,1
3921,0
3922,0
3923,1
3924,0
3925,1
3926,1
3927,1
3928,0
3929,1
3930,0
3931,1
3932,0
3933,0
3934,1
3935,1
3936,0
3937,0
3938,0
3939,1
3940,1
3941,0
3942,0
3943,1
3944,0
3945,0
3946,0
3947,0
3948,0
3949,1
3950,1
3951,0
3952,1
3953,1
3954,0
3955,0
3956,0
3957,0
3958,1
3959,0
3960,0
3961,0
3962,0
3963,0
3964,1
3965,0
3966,1
3967,1
3968,0
3969,1
3970,0
3971,1
3972,1
3973,0
3974,1
3975,1
3976,1
3977,1
3978,0
3979,1
3980,0
3981,1
3982,1
3983,0
3984,1
3985,0
3986,0
3987,1
3988,1
3989,1
3990,1
3991,0
3992,0
3993,0
3994,1
3995,0
3996,0
3997,0
3998,1
3999,0
4000,0
4001,1
4002,0
4003,0
4004,0
4005,0
4006,0
4007,0
4008,1
4009,1
4010,1
4011,0
4012,0
4013,1
4014,1
4015,1
4016,1
4017,0
4018,0
4019,0
4020,1
4021,0
4022,0
4023,0
4024,0
4025,1
4026,1
4027,0
4028,1
4029,0
4030,0
4031,1
4032,1
4033,0
4034,0
4035,0
4036,1
4037,1
4038,0
4039,1
4040,1
4041,1
4042,0
4043,0
4044,0
4045,0
4046,0
4047,1
4048,1
4049,0
4050,1
4051,0
4052,1
4053,1
4054,1
4055,0
4056,0
4057,1
4058,1
4059,1
4060,1
4061,1
4062,0
4063,0
4064,1
4065,0
4066,1
4067,0
4068,0
4069,1
4070,0
4071,1
4072,1
4073,1
4074,0
4075,0
4076,0
4077,0
4078,0
4079,0
4080,0
4081,1
4082,1
4083,0
4084,1
4085,1
4086,1
4087,1
4088,0
4089,1
4090,0
4091,1
4092,0
4093,0
4094,0
4095,1
4096,0
4097,1
4098,1
4099,1
4100,0
4101,0
4102,0
4103,0
4104,1
4105,1
4106,0
4107,1
4108,1
4109,1
4110,1
4111,1
4112,1
4113,0
4114,0
4115,0
4116,0
4117,0
4118,0
4119,1
4120,0
4121,0
4122,0
4123,1
4124,1
4125,1
4126,1
4127,0
4128,1
4129,0
4130,1
4131,0
4132,0
4133,1
4134,0
4135,1
4136,1
4137,1
4138,0
4139,0
4140,0
4141,1
4142,0
4143,0
4144,0
4145,0
4146,1
4147,1
4148,0
4149,1
4150,1
4151,0
4152,0
4153,1
4154,1
4155,0
4156,1
4157,0
4158,1
4159,1
4160,1
4161,1
4162,1
4163,1
4164,1
4165,1
4166,0
4167,0
4168,0
4169,1
4170,0
4171,0
4172,0
4173,0
4174,1
4175,1
4176,0
4177,1
4178,1
4179,1
4180,1
4181,1
4182,0
4183,0
4184,1
4185,1
4186,0
4187,0
4188,1
4189,0
4190,0
4191,1
4192,0
4193,0
4194,1
4195,0
4196,0
4197,1
4198,0
4199,0
4200,1
4201,1
4202,1
4203,1
4204,1
4205,0
4206,0
4207,1
4208,0
4209,1
4210,0
4211,0
4212,1
4213,1
4214,1
4215,0
4216,0
4217,1
4218,1
4219,1
4220,0
4221,0
4222,0
4223,1
4224,0
4225,1
4226,1
4227,1
4228,1
4229,0
4230,0
4231,1
4232,0
4233,1
4234,1
4235,1
4236,1
4237,0
4238,1
4239,1
4240,1
4241,1
4242,0
4243,1
4244,0
4245,0
4246,0
4247,0
4248,1
4249,1
4250,0
4251,1
4252,0
4253,0
4254,1
4255,0
4256,0
4257,0
4258,1
4259,0
4260,0
4261,1
4262,0
4263,1
4264,1
4265,1
4266,1
4267,0
4268,0
4269,0
4270,1
4271,0
4272,1
4273,0
4274,0
4275,0
4276,0
4277,0
4278,1
4279,0
4280,0
4281,1
4282,1
4283,0
4284,1
4285,1
4286,1
4287,1
4288,0
4289,0
4290,1
4291,1
4292,1
4293,0
4294,1
4295,0
4296,0
4297,1
4298,0
4299,1
4300,1
4301,0
4302,1
4303,0
4304,1
4305,1
4306,1
4307,1
4308,1
4309,1
4310,0
4311,1
4312,1
4313,1
4314,0
4315,1
4316,1
4317,0
4318,1
4319,0
4320,1
4321,1
4322,1
4323,1
4324,0
4325,1
4326,0
4327,0
4328,1
4329,0
4330,0
4331,0
4332,1
4333,1
4334,1
4335,0
4336,0
4337,0
4338,1
4339,1
4340,1
4341,0
4342,1
4343,1
4344,0
4345,0
4346,1
4347,1
4348,0
4349,0
4350,1
4351,1
4352,0
4353,1
4354,1
4355,0
4356,1
4357,0
4358,0
4359,0
4360,1
4361,0
4362,1
4363,1
4364,1
4365,0
4366,1
4367,0
4368,0
4369,0
4370,1
4371,0
4372,0
4373,0
4374,0
4375,0
4376,1
4377,0
4378,1
4379,1
4380,0
4381,1
4382,0
4383,1
4384,0
4385,0
4386,0
4387,1
4388,0
4389,0
4390,0
4391,0
4392,1
4393,1
4394,1
4395,1
4396,1
4397,1
4398,1
4399,0
4400,0
4401,1
4402,0
4403,0
4404,0
4405,0
4406,0
4407,1
4408,1
4409,0
4410,0
4411,0
4412,0
4413,0
4414,0
4415,0
4416,0
4417,1
4418,1
4419,1
4420,1
4421,0
4422,1
4423,1
4424,1
4425,1
4426,1
4427,0
4428,1
4429,0
4430,0
4431,0
4432,0
4433,1
4434,0
4435,0
4436,0
4437,0
4438,0
4439,0
4440,1
4441,0
4442,1
4443,0
4444,1
4445,1
4446,1
4447,0
4448,1
4449,1
4450,1
4451,0
4452,1
4453,1
4454,0
4455,0
4456,0
4457,0
4458,0
4459,1
4460,1
4461,0
4462,1
4463,1
4464,1
4465,1
4466,1
4467,0
4468,1
4469,1
4470,1
4471,1
4472,1
4473,1
4474,0
4475,1
4476,1
4477,1
4478,1
4479,1
4480,1
4481,1
4482,1
4483,1
4484,0
4485,1
4486,0
4487,1
4488,0
4489,0
4490,1
4491,1
4492,0
4493,0
4494,1
4495,0
4496,0
4497,0
4498,0
4499,0
4500,0
4501,0
4502,1
4503,0
4504,0
4505,0
4506,0
4507,0
4508,0
4509,1
4510,1
4511,1
4512,0
4513,1
4514,0
4515,1
4516,0
4517,0
4518,0
4519,1
4520,1
4521,0
4522,0
4523,0
4524,1
4525,1
4526,1
4527,0
4528,1
4529,1
4530,0
4531,0
4532,1
4533,1
4534,1
4535,1
4536,1
4537,1
4538,0
4539,1
4540,0
4541,0
4542,1
4543,0
4544,0
4545,1
4546,1
4547,1
4548,1
4549,0
4550,0
4551,1
4552,1
4553,1
4554,0
4555,0
4556,0
4557,0
4558,0
4559,1
4560,1
4561,1
4562,1
4563,1
4564,1
4565,0
4566,0
4567,1
4568,0
4569,1
4570,0
4571,0
4572,0
4573,0
4574,0
4575,0
4576,1
4577,1
4578,1
4579,0
4580,0
4581,1
4582,0
4583,0
4584,0
4585,1
4586,1
4587,0
4588,0
4589,1
4590,1
4591,0
4592,1
4593,0
4594,0
4595,1
4596,0
4597,0
4598,0
4599,1
4600,1
4601,0
4602,1
4603,0
4604,0
4605,0
4606,0
4607,1
4608,0
4609,1
4610,1
4611,0
4612,1
4613,0
4614,0
4615,1
4616,0
4617,1
4618,1
4619,0
4620,1
4621,1
4622,1
4623,1
4624,1
4625,1
4626,0
4627,0
4628,0
4629,1
4630,1
4631,0
4632,0
4633,1
4634,0
4635,1
4636,0
4637,0
4638,0
4639,1
4640,1
4641,1
4642,0
4643,0
4644,1
4645,1
4646,1
4647,0
4648,0
4649,1
4650,0
4651,1
4652,0
4653,0
4654,0
4655,1
4656,1
4657,1
4658,1
4659,0
4660,0
4661,1
4662,1
4663,0
4664,0
4665,0
4666,0
4667,1
4668,0
4669,1
4670,1
4671,1
4672,1
4673,1
4674,0
4675,1
4676,0
4677,0
4678,1
4679,0
4680,1
4681,0
4682,1
4683,0
4684,0
4685,0
4686,0
4687,1
4688,1
4689,0
4690,0
4691,0
4692,1
4693,1
4694,0
4695,0
4696,0
4697,0
4698,1
4699,0
4700,1
4701,0
4702,1
4703,0
4704,0
4705,0
4706,1
4707,0
4708,0
4709,1
4710,1
4711,1
4712,1
4713,0
4714,1
4715,1
4716,1
4717,1
4718,1
4719,1
4720,0
4721,1
4722,0
4723,1
4724,0
4725,0
4726,0
4727,1
4728,1
4729,0
4730,0
4731,1
4732,1
4733,0
4734,0
4735,1
4736,1
4737,1
4738,1
4739,0
4740,0
4741,0
4742,1
4743,1
4744,1
4745,1
4746,1
4747,1
4748,1
4749,1
4750,0
4751,0
4752,1
4753,1
4754,1
4755,1
4756,0
4757,1
4758,0
4759,1
4760,1
4761,1
4762,0
4763,0
4764,1
4765,1
4766,0
4767,1
4768,0
4769,1
4770,1
4771,0
4772,0
4773,0
4774,1
4775,0
4776,0
4777,0
4778,1
4779,1
4780,0
4781,1
4782,1
4783,1
4784,1
4785,0
4786,1
4787,1
4788,0
4789,0
4790,0
4791,1
4792,0
4793,1
4794,0
4795,1
4796,1
4797,1
4798,1
4799,0
4800,0
4801,1
4802,1
4803,1
4804,1
4805,1
4806,1
4807,1
4808,0
4809,0
4810,0
4811,1
4812,1
4813,0
4814,0
4815,0
4816,0
4817,1
4818,0
4819,1
4820,1
4821,1
4822,0
4823,1
4824,1
4825,1
4826,1
4827,1
4828,0
4829,1
4830,0
4831,0
4832,0
4833,0
4834,1
4835,1
4836,0
4837,0
4838,1
4839,0
4840,1
4841,0
4842,0
4843,0
4844,0
4845,1
4846,1
4847,1
4848,1
4849,1
4850,0
4851,0
4852,0
4853,0
4854,1
4855,0
4856,0
4857,0
4858,0
4859,1
4860,0
4861,0
4862,0
4863,0
4864,1
4865,0
4866,1
4867,1
4868,1
4869,1
4870,1
4871,0
4872,0
4873,1
4874,0
4875,1
4876,0
4877,1
4878,1
4879,0
4880,1
4881,1
4882,0
4883,0
4884,0
4885,1
4886,0
4887,0
4888,1
4889,1
4890,0
4891,1
4892,1
4893,0
4894,0
4895,1
4896,1
4897,0
4898,0
4899,0
4900,0
4901,1
4902,1
4903,0
4904,1
4905,1
4906,0
4907,0
4908,0
4909,0
4910,1
4911,1
4912,0
4913,1
4914,0
4915,1
4916,1
4917,0
4918,0
4919,0
4920,0
4921,1
4922,1
4923,0
4924,1
4925,0
4926,1
4927,1
4928,1
4929,0
4930,0
4931,1
4932,1
4933,1
4934,0
4935,0
4936,1
4937,0
4938,1
4939,1
4940,0
4941,0
4942,0
4943,1
4944,0
4945,1
4946,1
4947,1
4948,1
4949,0
4950,1
4951,0
4952,1
4953,1
4954,1
4955,1
4956,1
4957,1
4958,0
4959,0
4960,1
4961,1
4962,0
4963,1
4964,1
4965,0
4966,0
4967,1
4968,0
4969,0
4970,0
4971,0
4972,0
4973,1
4974,1
4975,0
4976,0
4977,0
4978,0
4979,0
4980,0
4981,1
4982,1
4983,0
4984,0
4985,1
4986,1
4987,0
4988,0
4989,1
4990,0
4991,0
4992,1
4993,1
4994,1
4995,1
4996,1
4997,0
4998,1
4999,0
5000,1
